{"I2s_sigma": 1.5906317305874789, "I5_mu": -0.15929081918266366, "I1s_mu_err": 0.09453485198626445, "I2c_mu": 0.09381554813168741, "I8_mu_err": 0.0750220689632754, "I7_mu_err": 0.08016165865757102, "I9_mu_err": 0.08067432089211148, "I6s_mu_err": 0.10875380722475986, "I2c_sigma": 1.4589101235947053, "I1c_mu_err": 0.13944613638468184, "I8_mu": 0.023896287201745615, "I4_sigma": 1.3330070777210539, "I4_mu": -0.23113361585699554, "I2s_mu": 0.16295744947388666, "I3_sigma": 1.3479983791276962, "frac_Ds_mu": 0.6134867133211238, "I1s_sigma": 1.7508099600876934, "I4_mu_err": 0.07197561680691546, "I1c_mu": -0.07275571142786935, "frac_Ds_sigma": 3.0709829070617225, "I6c_sigma": 1.4463505281270306, "I1c_sigma": 2.5825785871386455, "I6s_mu": -0.44213864955186566, "I6c_mu_err": 0.07809558787859294, "I7_mu": -0.018115783183748173, "I2c_mu_err": 0.07877374229032849, "frac_Dplus_sigma": 2.8761899564747906, "I9_sigma": 1.4941093318868461, "frac_Ds_mu_err": 0.1658174908697041, "I3_mu_err": 0.07278507099775602, "I6s_sigma": 2.0141486963372186, "frac_Dplus_mu_err": 0.15529966016763233, "frac_signal_mu": -0.4199390513834874, "frac_Dplus_mu": 0.12062491073700474, "I9_mu": 0.0033965821128700475, "frac_signal_sigma": 1.713191037247737, "I8_sigma": 1.3894281612285482, "I5_sigma": 1.286177768497432, "I5_mu_err": 0.06944707178090224, "I6c_mu": -0.23817716460106758, "I7_sigma": 1.484614694432665, "I2s_mu_err": 0.08588604054332165, "I3_mu": 0.04777700743056971, "I1s_mu": 0.2990738322187185, "frac_signal_mu_err": 0.0925036210796389}